{"schemaVersion":"1.0","appDefinitionTemplate":{"id":"/providers/Microsoft.PowerApps/apps/","type":"Microsoft.PowerApps/apps","tags":{"primaryDeviceWidth":"1366","primaryDeviceHeight":"768","supportsPortrait":"true","supportsLandscape":"true","primaryFormFactor":"Tablet","publisherVersion":"3.22122.15","minimumRequiredApiVersion":"2.2.0","hasComponent":"false","hasUnlockedComponent":"false","isUnifiedRootApp":"false","sienaVersion":"20230118T170905Z-3.22122.15.0"},"properties":{"appVersion":"2023-01-18T17:30:54Z","lifeCycleId":"Published","createdByClientVersion":{"major":3,"minor":22122,"build":15,"revision":0,"majorRevision":0,"minorRevision":0},"minClientVersion":{"major":3,"minor":22122,"build":15,"revision":0,"majorRevision":0,"minorRevision":0},"backgroundColor":"RGBA(0,176,240,1)","backgroundImageUri":"/2407735063787174936/N0f7279cb-96d8-454d-af4e-221dc5a77420-Ncf80842d-1bfc-4606-a26f-cbd320b3d61b-logoSmallFile","displayName":"PMA IMP","description":"","commitMessage":"","appUris":{"documentUri":{"value":"/2407735063787174936/N47cd1a7c-259b-423e-83dc-2b671a2edced-N707c8e71-617c-4da9-9d44-eb9ef2b4091b-document.msapp"},"imageUris":[],"additionalUris":[]},"createdTime":"0001-01-01T00:00:00Z","lastModifiedTime":"0001-01-01T00:00:00Z","sharedGroupsCount":0,"sharedUsersCount":0,"connectionReferences":{"7c4cd91d-7517-4718-937c-1342d4a228fb":{"id":"febfdd13-1d2e-4715-8068-5b05d68beda2","displayName":"Office 365 Outlook","iconUri":"https://connectoricons-prod.azureedge.net/releases/v1.0.1613/1.0.1613.3125/office365/icon.png","dataSources":["Office365Outlook"],"dependencies":[],"dependents":[],"parameterHints":{},"parameterHintsV2":{},"isOnPremiseConnection":false,"bypassConsent":false,"dataSets":{},"apiTier":"Standard","isCustomApiConnection":false,"actions":["SendEmail"]},"7655c846-0d0c-40ab-935d-0cd37c34ef62":{"id":"2fbe595e-0709-416e-adbc-c07f8fa89805","displayName":"Office 365 Users","iconUri":"https://connectoricons-prod.azureedge.net/releases/v1.0.1611/1.0.1611.3104/office365users/icon.png","dataSources":["Office365Users"],"dependencies":[],"dependents":[],"parameterHints":{},"parameterHintsV2":{},"isOnPremiseConnection":false,"bypassConsent":false,"dataSets":{},"apiTier":"Standard","isCustomApiConnection":false},"455e8189-6154-4b7a-8cba-35bea5eef556":{"id":"57c466dd-a4b5-4726-acc8-4011fa8844c4","displayName":"SharePoint","iconUri":"https://connectoricons-prod.azureedge.net/u/juanq/gateway/greyhound/3000.150.11/1.0.1613.3116/sharepointonline/icon.png","dataSources":["PMATest-1","PMATest-1_2","FeSvNamesFromIMP_App"],"dependencies":[],"dependents":[],"parameterHints":{},"parameterHintsV2":{},"isOnPremiseConnection":false,"bypassConsent":false,"dataSets":{"https://iaeacloud.sharepoint.com/sites/ImplementationEAO":{"dataSources":{"PMATest-1":{"tableName":"11bd3c10-1983-4897-a261-9efd3c6dc5c4"},"PMATest-1_2":{"tableName":"11bd3c10-1983-4897-a261-9efd3c6dc5c4"},"FeSvNamesFromIMP_App":{"tableName":"ec072526-9ba4-4f76-80a6-a75eb92abcc7"}}}},"apiTier":"Standard","isCustomApiConnection":false,"actions":["providers/PowerPlatform.Governance/Operations/Read","providers/PowerPlatform.Governance/Operations/Write"]},"306fdf33-16c9-4293-8e4d-ef585db8805d":{"id":"57c466dd-a4b5-4726-acc8-4011fa8844c4","displayName":"SharePoint","iconUri":"https://connectoricons-prod.azureedge.net/u/juanq/gateway/greyhound/3000.150.11/1.0.1613.3116/sharepointonline/icon.png","dataSources":["PMATest-1_1"],"dependencies":[],"dependents":[],"parameterHints":{},"parameterHintsV2":{},"isOnPremiseConnection":false,"bypassConsent":false,"dataSets":{"https://iaeacloud.sharepoint.com/sites/ImplementationEAO":{"dataSources":{"PMATest-1_1":{"tableName":"11bd3c10-1983-4897-a261-9efd3c6dc5c4"}}}},"apiTier":"Standard","isCustomApiConnection":false,"actions":["providers/PowerPlatform.Governance/Operations/Read"]}},"databaseReferences":{},"almMode":"Environment","performanceOptimizationEnabled":true,"canConsumeAppPass":true,"enableModernRuntimeMode":false,"executionRestrictions":{"isTeamsOnly":false,"dataLossPreventionEvaluationResult":{"status":"Compliant","lastEvaluationDate":"2022-12-30T13:57:30.8248583Z","violations":[],"violationsByPolicy":[],"violationErrorMessage":"The app uses the following connectors: shared_sharepointonline."}}},"appType":"ClassicCanvasApp","appComponents":[]}}