{
  "properties": {
    "connectionReferences": {
      "shared_office365": {
        "runtimeSource": "invoker",
        "connection": {
          "connectionReferenceLogicalName": "esh_sharedoffice365_df9c4"
        },
        "api": {
          "name": "shared_office365"
        }
      }
    },
    "definition": {
      "$schema": "https://schema.management.azure.com/providers/Microsoft.Logic/schemas/2016-06-01/workflowdefinition.json#",
      "contentVersion": "1.0.0.0",
      "parameters": {
        "$connections": {
          "defaultValue": {},
          "type": "Object"
        },
        "$authentication": {
          "defaultValue": {},
          "type": "SecureObject"
        }
      },
      "triggers": {
        "manual": {
          "metadata": {
            "operationMetadataId": "8444ea73-4f22-41b4-bff7-36cf080147a4"
          },
          "type": "Request",
          "kind": "PowerApp",
          "inputs": {
            "schema": {
              "type": "object",
              "properties": {
                "Rank_Inputs": {
                  "type": "any",
                  "description": "Inputs",
                  "x-ms-powerflows-param-ispartial": false
                },
                "Name_Inputs": {
                  "type": "any",
                  "description": "Inputs",
                  "x-ms-powerflows-param-ispartial": false
                },
                "Reason_Inputs": {
                  "type": "any",
                  "description": "Inputs",
                  "x-ms-powerflows-param-ispartial": false
                },
                "Date_Inputs": {
                  "type": "any",
                  "description": "Inputs",
                  "x-ms-powerflows-param-ispartial": false
                }
              },
              "required": [
                "Rank_Inputs",
                "Name_Inputs",
                "Reason_Inputs",
                "Date_Inputs"
              ]
            }
          }
        }
      },
      "actions": {
        "Rank": {
          "runAfter": {},
          "metadata": {
            "operationMetadataId": "e24989cb-a019-44ba-815f-096bcabba960"
          },
          "type": "Compose",
          "inputs": "@triggerBody()['Rank_Inputs']"
        },
        "Name": {
          "runAfter": {
            "Rank": [
              "Succeeded"
            ]
          },
          "metadata": {
            "operationMetadataId": "7cabd10c-2d84-4dc9-b938-a42e1497e20b"
          },
          "type": "Compose",
          "inputs": "@triggerBody()['Name_Inputs']"
        },
        "Reason": {
          "runAfter": {
            "Name": [
              "Succeeded"
            ]
          },
          "metadata": {
            "operationMetadataId": "dc99af2d-a0a4-49e2-9c13-59297279b39e"
          },
          "type": "Compose",
          "inputs": "@triggerBody()['Reason_Inputs']"
        },
        "Date": {
          "runAfter": {
            "Reason": [
              "Succeeded"
            ]
          },
          "metadata": {
            "operationMetadataId": "d5aaee3f-4c46-4604-8632-d14123756fef"
          },
          "type": "Compose",
          "inputs": "@triggerBody()['Date_Inputs']"
        },
        "Send_an_email_(V2)": {
          "runAfter": {
            "Date": [
              "Succeeded"
            ]
          },
          "metadata": {
            "operationMetadataId": "1dbc3f1b-0253-4a2a-ae7e-9528a1005d38"
          },
          "type": "OpenApiConnection",
          "inputs": {
            "host": {
              "connectionName": "shared_office365",
              "operationId": "SendEmailV2",
              "apiId": "/providers/Microsoft.PowerApps/apis/shared_office365"
            },
            "parameters": {
              "emailMessage/To": "jeremywahl32@gmail.com;Jeremy.wahl@us.af.mil",
              "emailMessage/Subject": "Send an email",
              "emailMessage/Body": "<p><p><div style = 'background-color:#999999; padding:20px; text-align:center; font-size:30px'> Submit Form Using Flow </div> <br></p></p>\n<div style = 'font-weight:bold; font-size:20px'> Rank : @{outputs('Rank')}  </div>\n<br>\n<div style = 'font-weight:bold; font-size:20px'> Name :  @{outputs('Name')} </div>\n<br>\n<div style = 'font-weight:bold; font-size:20px'> Reason for Visit : @{outputs('Reason')} </div>\n<br>\n<div style = 'font-weight:bold; font-size:20px'> Date :  @{outputs('Date')} </div>\n",
              "emailMessage/Importance": "Normal"
            },
            "authentication": {
              "type": "Raw",
              "value": "@json(decodeBase64(triggerOutputs().headers['X-MS-APIM-Tokens']))['$ConnectionKey']"
            }
          }
        }
      }
    },
    "templateName": null
  },
  "schemaVersion": "1.0.0.0"
}