{"schemaVersion":"1.0","appDefinitionTemplate":{"id":"/providers/Microsoft.PowerApps/apps/","type":"Microsoft.PowerApps/apps","tags":{"sp-site-id":"https://makeenenergy.sharepoint.com/sites/Teams_FieldService-SQUAD","sp-list-id":"f70a8f33-1b35-4d0f-a7c3-74ac307cb92b","https://makeenenergy.sharepoint.com/sites/Teams_FieldService-SQUAD":"f70a8f33-1b35-4d0f-a7c3-74ac307cb92b","primaryDeviceWidth":"640","primaryDeviceHeight":"1136","supportsPortrait":"true","supportsLandscape":"true","primaryFormFactor":"Phone","publisherVersion":"3.23023.21","minimumRequiredApiVersion":"2.2.0","hasComponent":"false","hasUnlockedComponent":"false","isUnifiedRootApp":"false","sienaVersion":"20230308T091242Z-3.23023.21.0"},"properties":{"appVersion":"2023-03-08T09:12:42Z","lifeCycleId":"Published","createdByClientVersion":{"major":3,"minor":23023,"build":21,"revision":0,"majorRevision":0,"minorRevision":0},"minClientVersion":{"major":3,"minor":23023,"build":21,"revision":0,"majorRevision":0,"minorRevision":0},"backgroundColor":"RGBA(0,176,240,1)","backgroundImageUri":"/6233185338717847530/Nb67582bc-3c97-4fe0-9ef8-35d75b8776a2-logoSmallFile","displayName":"TestV273981263981063","description":"","commitMessage":"","appUris":{"documentUri":{"value":"/6233185338717847530/N82a7eee7-e25c-47ce-a6a7-03ab31f2f607-document.msapp"},"imageUris":[],"additionalUris":[]},"createdTime":"0001-01-01T00:00:00Z","lastModifiedTime":"0001-01-01T00:00:00Z","sharedGroupsCount":0,"sharedUsersCount":0,"connectionReferences":{"97a9fabc-e6d5-46ee-bc23-1a67f5e7460f":{"id":"57c466dd-a4b5-4726-acc8-4011fa8844c4","displayName":"SharePoint","iconUri":"https://connectoricons-prod.azureedge.net/u/juanq/gateway/greyhound/3000.150.11/1.0.1613.3116/sharepointonline/icon.png","dataSources":["TestApp"],"dependencies":[],"dependents":[],"parameterHints":{},"parameterHintsV2":{},"isOnPremiseConnection":false,"bypassConsent":false,"dataSets":{"https://makeenenergy.sharepoint.com/sites/Teams_FieldService-SQUAD":{"dataSources":{"TestApp":{"tableName":"f70a8f33-1b35-4d0f-a7c3-74ac307cb92b"}}}},"apiTier":"Standard","isCustomApiConnection":false,"actions":["providers/PowerPlatform.Governance/Operations/Read","providers/PowerPlatform.Governance/Operations/Write","providers/PowerPlatform.Governance/Operations/Delete"]}},"databaseReferences":{},"almMode":"Environment","performanceOptimizationEnabled":true,"canConsumeAppPass":true,"enableModernRuntimeMode":false,"executionRestrictions":{"isTeamsOnly":false,"dataLossPreventionEvaluationResult":{"status":"Compliant","lastEvaluationDate":"2023-03-07T14:56:36.9643875Z","violations":[],"violationsByPolicy":[],"violationErrorMessage":"The app uses the following connectors: shared_sharepointonline."}}},"appType":"ClassicCanvasApp","appComponents":[]}}