{"schemaVersion":"1.0","appDefinitionTemplate":{"id":"/providers/Microsoft.PowerApps/apps/","type":"Microsoft.PowerApps/apps","tags":{"primaryDeviceWidth":"1366","primaryDeviceHeight":"768","supportsPortrait":"true","supportsLandscape":"true","primaryFormFactor":"Tablet","publisherVersion":"3.23051.33","minimumRequiredApiVersion":"2.2.0","hasComponent":"false","hasUnlockedComponent":"false","isUnifiedRootApp":"false","sienaVersion":"20230529T062106Z-3.23051.33.0"},"properties":{"appVersion":"2023-05-29T06:21:06Z","lifeCycleId":"Published","createdByClientVersion":{"major":3,"minor":23051,"build":33,"revision":0,"majorRevision":0,"minorRevision":0},"minClientVersion":{"major":3,"minor":23051,"build":33,"revision":0,"majorRevision":0,"minorRevision":0},"backgroundColor":"RGBA(0,176,240,1)","backgroundImageUri":"/4976689564553739425/N247ec214-d360-40dc-afda-40d0c316c374-logoSmallFile","displayName":"Check Box Test","description":"","commitMessage":"","appUris":{"documentUri":{"value":"/4976689564553739425/N35919542-b312-4565-aeac-961f54853e1f-document.msapp"},"imageUris":[],"additionalUris":[]},"createdTime":"0001-01-01T00:00:00Z","lastModifiedTime":"0001-01-01T00:00:00Z","sharedGroupsCount":0,"sharedUsersCount":0,"connectionReferences":{"f776645e-b660-43f1-9804-e519c07e0b24":{"id":"57c466dd-a4b5-4726-acc8-4011fa8844c4","displayName":"SharePoint","iconUri":"https://connectoricons-prod.azureedge.net/releases/v1.0.1627/1.0.1627.3238/sharepointonline/icon.png","dataSources":["SPListVisitReport","SPListQuestion3","SPListQuestion2","SPListQuestion1","PatchCheckbox","Documents"],"dependencies":[],"dependents":[],"parameterHints":{},"parameterHintsV2":{},"isOnPremiseConnection":false,"bypassConsent":false,"dataSets":{"https://shn61.sharepoint.com/sites/OILSERVSite":{"dataSources":{"SPListVisitReport":{"tableName":"48c14b91-b93b-4be9-9003-c7a8fd166d76"},"SPListQuestion3":{"tableName":"cf4f4207-b9f6-4f9b-9878-c49b6993cb24"},"SPListQuestion2":{"tableName":"16d8138b-995e-46ee-93b6-d83ddf455818"},"SPListQuestion1":{"tableName":"71dfaa59-4c2c-48e2-adee-281929ebd37b"},"PatchCheckbox":{"tableName":"bd6a6772-bd8e-44d7-8b7e-e6c001488bf2"},"Documents":{"tableName":"9cd93de7-1355-42e5-b1d1-734300a2c7c0"}}}},"apiTier":"Standard","isCustomApiConnection":false,"actions":["providers/PowerPlatform.Governance/Operations/Read"]}},"databaseReferences":{},"almMode":"Environment","performanceOptimizationEnabled":true,"canConsumeAppPass":true,"enableModernRuntimeMode":false,"executionRestrictions":{"isTeamsOnly":false,"dataLossPreventionEvaluationResult":{"status":"Compliant","lastEvaluationDate":"2023-05-27T08:30:54.3518662Z","violations":[],"violationsByPolicy":[],"violationErrorMessage":"The app uses the following connectors: shared_sharepointonline."}}},"appType":"ClassicCanvasApp","appComponents":[]}}