{"schemaVersion":"1.0","appDefinitionTemplate":{"id":"/providers/Microsoft.PowerApps/apps/","type":"Microsoft.PowerApps/apps","tags":{"primaryDeviceWidth":"640","primaryDeviceHeight":"1136","supportsPortrait":"true","supportsLandscape":"true","primaryFormFactor":"Phone","publisherVersion":"3.23051.33","minimumRequiredApiVersion":"2.2.0","hasComponent":"false","hasUnlockedComponent":"false","isUnifiedRootApp":"false","sienaVersion":"20230529T061509Z-3.23051.33.0"},"properties":{"appVersion":"2023-05-29T06:15:09Z","lifeCycleId":"Published","createdByClientVersion":{"major":3,"minor":23051,"build":33,"revision":0,"majorRevision":0,"minorRevision":0},"minClientVersion":{"major":3,"minor":23051,"build":33,"revision":0,"majorRevision":0,"minorRevision":0},"backgroundColor":"RGBA(0,176,240,1)","backgroundImageUri":"/2743405370134130131/Nc6cc20b1-eb64-4b8a-9e1c-cbf3fae68404-logoSmallFile","displayName":"Oil Serve App","description":"","commitMessage":"","appUris":{"documentUri":{"value":"/2743405370134130131/Ne41faa39-0d17-4d37-b837-018a75e6a384-document.msapp"},"imageUris":[],"additionalUris":[]},"createdTime":"0001-01-01T00:00:00Z","lastModifiedTime":"0001-01-01T00:00:00Z","sharedGroupsCount":0,"sharedUsersCount":0,"connectionReferences":{"a2735647-36d8-4a2f-8f90-72cf08d9b046":{"id":"57c466dd-a4b5-4726-acc8-4011fa8844c4","displayName":"SharePoint","iconUri":"https://connectoricons-prod.azureedge.net/releases/v1.0.1627/1.0.1627.3238/sharepointonline/icon.png","dataSources":["SPListVisitReport","SPListQuestion1","SPListQuestion2","SPListQuestion3"],"dependencies":[],"dependents":[],"parameterHints":{},"parameterHintsV2":{},"isOnPremiseConnection":false,"bypassConsent":false,"dataSets":{"https://shn61.sharepoint.com/sites/OILSERVSite":{"dataSources":{"SPListVisitReport":{"tableName":"48c14b91-b93b-4be9-9003-c7a8fd166d76"},"SPListQuestion1":{"tableName":"71dfaa59-4c2c-48e2-adee-281929ebd37b"},"SPListQuestion2":{"tableName":"16d8138b-995e-46ee-93b6-d83ddf455818"},"SPListQuestion3":{"tableName":"cf4f4207-b9f6-4f9b-9878-c49b6993cb24"}}}},"apiTier":"Standard","isCustomApiConnection":false,"actions":["providers/PowerPlatform.Governance/Operations/Read","providers/PowerPlatform.Governance/Operations/Write"]},"572c6945-54f7-4657-83a4-b1514fc011be":{"id":"57c466dd-a4b5-4726-acc8-4011fa8844c4","displayName":"SharePoint","iconUri":"https://connectoricons-prod.azureedge.net/releases/v1.0.1627/1.0.1627.3238/sharepointonline/icon.png","dataSources":["PatchCheckbox"],"dependencies":[],"dependents":[],"parameterHints":{},"parameterHintsV2":{},"isOnPremiseConnection":false,"bypassConsent":false,"dataSets":{"https://shn61.sharepoint.com/sites/OILSERVSite":{"dataSources":{"PatchCheckbox":{"tableName":"bd6a6772-bd8e-44d7-8b7e-e6c001488bf2"}}}},"apiTier":"Standard","isCustomApiConnection":false,"actions":["providers/PowerPlatform.Governance/Operations/Read","providers/PowerPlatform.Governance/Operations/Write"]}},"databaseReferences":{},"almMode":"Environment","performanceOptimizationEnabled":true,"canConsumeAppPass":true,"enableModernRuntimeMode":false,"executionRestrictions":{"isTeamsOnly":false,"dataLossPreventionEvaluationResult":{"status":"Compliant","lastEvaluationDate":"2023-05-19T12:10:09.533969Z","violations":[],"violationsByPolicy":[],"violationErrorMessage":"The app uses the following connectors: ."}}},"appType":"ClassicCanvasApp","appComponents":[]}}