{"schemaVersion":"1.0","appDefinitionTemplate":{"id":"/providers/Microsoft.PowerApps/apps/","type":"Microsoft.PowerApps/apps","tags":{"primaryDeviceWidth":"1024","primaryDeviceHeight":"768","supportsPortrait":"false","supportsLandscape":"true","primaryFormFactor":"Tablet","publisherVersion":"3.23034.13","minimumRequiredApiVersion":"2.2.0","hasComponent":"false","hasUnlockedComponent":"false","isUnifiedRootApp":"false","sienaVersion":"20230411T154631Z-3.23034.13.0"},"properties":{"appVersion":"2023-04-11T15:46:31Z","lifeCycleId":"Published","createdByClientVersion":{"major":3,"minor":23034,"build":13,"revision":0,"majorRevision":0,"minorRevision":0},"minClientVersion":{"major":3,"minor":23034,"build":13,"revision":0,"majorRevision":0,"minorRevision":0},"backgroundColor":"rgba(0, 176, 240, 1)","backgroundImageUri":"/1798045761504264127/Nd99ddb0b-a2b6-4155-98a3-5c292aff56f8-logoSmallFile","displayName":"Budget Tracker - Tablet","description":"","commitMessage":"","appUris":{"documentUri":{"value":"/1798045761504264127/N1dc2dd5b-74e0-4e19-af1a-41fe376ef149-document.msapp"},"imageUris":[],"additionalUris":[]},"createdTime":"0001-01-01T00:00:00Z","lastModifiedTime":"0001-01-01T00:00:00Z","sharedGroupsCount":0,"sharedUsersCount":0,"connectionReferences":{"344c814c-6f8f-40d2-9b0f-211e612fbeb7":{"id":"83cc9499-c34e-4951-b5ad-aa4eeddfbb68","displayName":"Excel","iconUri":"https://connectoricons-prod.azureedge.net/releases/v1.0.1623/1.0.1623.3210/excel/icon.png","dataSources":["Budgets","Expenses","Categories","Receipts","ExpenseByCategory"],"dependencies":["07e3d9f9-06d3-4174-90f6-fcada6ee016f"],"dependents":[],"parameterHints":{"07e3d9f9-06d3-4174-90f6-fcada6ee016f":{"value":"fileSource"}},"parameterHintsV2":{"fileSource":{"value":"07e3d9f9-06d3-4174-90f6-fcada6ee016f"}},"isOnPremiseConnection":false,"dataSets":{"b!tmSUSnAOdUKLDxsi0Kt4TboMy604hAZIohOMAC51p2agbN1SfTh0SL1mSXq6IY6Q.01UWIELLU6VITYE47BCZCY2CI2YR6PNQJD":{"dataSources":{"Budgets":{"tableName":"Budgets"},"Expenses":{"tableName":"Expenses"},"Categories":{"tableName":"Categories"},"Receipts":{"tableName":"Receipts"},"ExpenseByCategory":{"tableName":"ExpenseByCategory"}}}},"apiTier":"Standard","isCustomApiConnection":false,"actions":["providers/PowerPlatform.Governance/Operations/Read","providers/PowerPlatform.Governance/Operations/Write","providers/PowerPlatform.Governance/Operations/Delete"]},"07e3d9f9-06d3-4174-90f6-fcada6ee016f":{"id":"0157b863-95f9-4fb7-83b9-7eb6ba893ea1","displayName":"OneDrive for Business","iconUri":"https://connectoricons-prod.azureedge.net/releases/v1.0.1546/1.0.1546.2665/onedriveforbusiness/icon.png","dataSources":[],"dependencies":[],"dependents":["344c814c-6f8f-40d2-9b0f-211e612fbeb7"],"parameterHints":{},"parameterHintsV2":{},"isOnPremiseConnection":false,"dataSets":{},"apiTier":"Standard","isCustomApiConnection":false}},"databaseReferences":{},"almMode":"Environment","performanceOptimizationEnabled":true,"canConsumeAppPass":true,"enableModernRuntimeMode":false,"executionRestrictions":{"isTeamsOnly":false,"dataLossPreventionEvaluationResult":{"status":"Compliant","lastEvaluationDate":"2023-04-11T15:46:34.0798538Z","violations":[],"violationsByPolicy":[],"violationErrorMessage":"The app uses the following connectors: shared_excel, shared_onedriveforbusiness."}}},"appType":"ClassicCanvasApp","appComponents":[]}}