{"schemaVersion":"1.0","appDefinitionTemplate":{"id":"/providers/Microsoft.PowerApps/apps/","type":"Microsoft.PowerApps/apps","tags":{"primaryDeviceWidth":"640","primaryDeviceHeight":"1136","supportsPortrait":"true","supportsLandscape":"false","primaryFormFactor":"Phone","publisherVersion":"3.23013.12","minimumRequiredApiVersion":"2.2.0","hasComponent":"false","hasUnlockedComponent":"false","isUnifiedRootApp":"false","sienaVersion":"20230131T075345Z-3.23013.12.0"},"properties":{"appVersion":"2023-02-07T13:13:37Z","lifeCycleId":"Published","createdByClientVersion":{"major":3,"minor":23013,"build":12,"revision":0,"majorRevision":0,"minorRevision":0},"minClientVersion":{"major":3,"minor":23013,"build":12,"revision":0,"majorRevision":0,"minorRevision":0},"backgroundColor":"rgba(125, 31, 125, 1)","backgroundImageUri":"/15412844917866346069/Nd6250943-00c9-4fa2-908d-9e4faba30771-Nce045f68-7b7e-49c8-b0b2-452a1a6515c7-logoSmallFile","displayName":"Employee Rating","description":"","commitMessage":"","appUris":{"documentUri":{"value":"/15412844917866346069/N73026d11-6120-468a-91c8-9dbc29bbc2e8-N256a0f0f-3411-40ec-9ee6-66f296c3f26c-document.msapp"},"imageUris":[],"additionalUris":[]},"createdTime":"0001-01-01T00:00:00Z","lastModifiedTime":"0001-01-01T00:00:00Z","sharedGroupsCount":0,"sharedUsersCount":0,"connectionReferences":{"af40e16c-9f81-40fd-97dd-46b9f90b306d":{"id":"57c466dd-a4b5-4726-acc8-4011fa8844c4","displayName":"SharePoint","iconUri":"https://connectoricons-prod.azureedge.net/u/juanq/gateway/greyhound/3000.150.11/1.0.1613.3116/sharepointonline/icon.png","dataSources":["EmployeeRatingApp_Rating_Category","EmployeeRatingAppResult","EmployeeRatingEmployeeList"],"dependencies":[],"dependents":[],"parameterHints":{},"parameterHintsV2":{},"isOnPremiseConnection":false,"bypassConsent":false,"dataSets":{"https://abbott-my.sharepoint.com/personal/mounir_savu_abbott_com":{"dataSources":{"EmployeeRatingApp_Rating_Category":{"tableName":"da2e44ec-9d43-4ecc-990a-5cfd9d244c30"},"EmployeeRatingAppResult":{"tableName":"2c4b3ca6-f79d-44d2-b48e-422630aaa521"},"EmployeeRatingEmployeeList":{"tableName":"b3bc1e38-44a5-4526-a42e-f3570e2b52e9"}}}},"apiTier":"Standard","isCustomApiConnection":false,"actions":["providers/PowerPlatform.Governance/Operations/Read","providers/PowerPlatform.Governance/Operations/Write","providers/PowerPlatform.Governance/Operations/Delete"]},"fdb854ee-3f04-4d21-863b-d99d7f0412b0":{"id":"2fbe595e-0709-416e-adbc-c07f8fa89805","displayName":"Office 365 Users","iconUri":"https://connectoricons-prod.azureedge.net/releases/v1.0.1611/1.0.1611.3104/office365users/icon.png","dataSources":["Office365Users"],"dependencies":[],"dependents":[],"parameterHints":{},"parameterHintsV2":{},"isOnPremiseConnection":false,"bypassConsent":false,"dataSets":{},"apiTier":"Standard","isCustomApiConnection":false,"actions":["UserPhotoMetadata","UserPhoto_V2","UserProfile_V2"]},"81f4cf6c-1e6d-4811-aca6-75068daf4093":{"id":"57c466dd-a4b5-4726-acc8-4011fa8844c4","displayName":"SharePoint","iconUri":"https://connectoricons-prod.azureedge.net/u/juanq/gateway/greyhound/3000.150.11/1.0.1613.3116/sharepointonline/icon.png","dataSources":["EmployeeRatingApp"],"dependencies":[],"dependents":[],"parameterHints":{},"parameterHintsV2":{},"isOnPremiseConnection":false,"bypassConsent":false,"dataSets":{"https://abbott-my.sharepoint.com/personal/mounir_savu_abbott_com":{"dataSources":{"EmployeeRatingApp":{"tableName":"31511c44-96d6-493a-b389-6019abe9dc8d"}}}},"apiTier":"Standard","isCustomApiConnection":false,"actions":["providers/PowerPlatform.Governance/Operations/Read"]}},"databaseReferences":{},"almMode":"Environment","performanceOptimizationEnabled":true,"canConsumeAppPass":true,"enableModernRuntimeMode":false,"executionRestrictions":{"isTeamsOnly":false,"dataLossPreventionEvaluationResult":{"status":"Compliant","lastEvaluationDate":"2022-12-13T17:24:46.8216403Z","violations":[],"violationsByPolicy":[],"violationErrorMessage":"The app uses the following connectors: shared_office365users, shared_sharepointonline."}}},"appType":"ClassicCanvasApp","appComponents":[]}}