{"schemaVersion":"1.0","appDefinitionTemplate":{"id":"/providers/Microsoft.PowerApps/apps/","type":"Microsoft.PowerApps/apps","tags":{"primaryDeviceWidth":"1366","primaryDeviceHeight":"768","supportsPortrait":"false","supportsLandscape":"true","primaryFormFactor":"Tablet","publisherVersion":"3.23022.25","minimumRequiredApiVersion":"2.2.0","hasComponent":"false","hasUnlockedComponent":"false","isUnifiedRootApp":"false","sienaVersion":"20230301T212342Z-3.23022.25.0"},"properties":{"appVersion":"2023-03-01T21:23:42Z","lifeCycleId":"Published","createdByClientVersion":{"major":3,"minor":23022,"build":25,"revision":0,"majorRevision":0,"minorRevision":0},"minClientVersion":{"major":3,"minor":23022,"build":25,"revision":0,"majorRevision":0,"minorRevision":0},"backgroundColor":"rgba(18, 107, 240, 1)","backgroundImageUri":"/10362642926503899737/Nb8fd0e7a-7a79-428c-b2c7-e10d66aeff4c-logoSmallFile","displayName":"Book A Room_2036","description":"Quickly find work spaces for meetings—filter by date, time, and location until you find the perfect spot. Reserve with the tap of a button","commitMessage":"","appUris":{"documentUri":{"value":"/10362642926503899737/Nd2227a8b-0e69-4511-81fd-74f482346d16-document.msapp"},"imageUris":[],"additionalUris":[]},"createdTime":"0001-01-01T00:00:00Z","lastModifiedTime":"0001-01-01T00:00:00Z","sharedGroupsCount":0,"sharedUsersCount":0,"connectionReferences":{"177c5454-dfbb-4a45-b731-44a44718f323":{"id":"febfdd13-1d2e-4715-8068-5b05d68beda2","displayName":"Office 365 Outlook","iconUri":"https://connectoricons-prod.azureedge.net/releases/v1.0.1618/1.0.1618.3179/office365/icon.png","dataSources":["Office365"],"dependencies":[],"dependents":[],"parameterHints":{},"parameterHintsV2":{},"isOnPremiseConnection":false,"dataSets":{},"apiTier":"Standard","isCustomApiConnection":false,"actions":["GetRoomLists","GetRooms","CalendarGetTables","GetEventsCalendarViewV2","FindMeetingTimes","GetRoomsInRoomList","V2CalendarPostItem","V2CalendarPatchItem"]},"c2cc55f3-9620-47e5-a551-6fd0e9ba33bb":{"id":"2fbe595e-0709-416e-adbc-c07f8fa89805","displayName":"Office 365 Users","iconUri":"https://connectoricons-prod.azureedge.net/releases/v1.0.1618/1.0.1618.3179/office365users/icon.png","dataSources":["Office365Users"],"dependencies":[],"dependents":[],"parameterHints":{},"parameterHintsV2":{},"isOnPremiseConnection":false,"dataSets":{},"apiTier":"Standard","isCustomApiConnection":false,"actions":["MyProfile"]}},"databaseReferences":{},"almMode":"Environment","performanceOptimizationEnabled":true,"canConsumeAppPass":true,"enableModernRuntimeMode":false,"executionRestrictions":{"isTeamsOnly":false,"dataLossPreventionEvaluationResult":{"status":"Compliant","lastEvaluationDate":"2023-03-01T21:23:45.0485661Z","violations":[],"violationsByPolicy":[],"violationErrorMessage":"The app uses the following connectors: shared_office365, shared_office365users."}}},"appType":"ClassicCanvasApp","appComponents":[]}}