{"schemaVersion":"1.0","appDefinitionTemplate":{"id":"/providers/Microsoft.PowerApps/apps/","type":"Microsoft.PowerApps/apps","tags":{"primaryDeviceWidth":"1366","primaryDeviceHeight":"768","supportsPortrait":"true","supportsLandscape":"true","primaryFormFactor":"Tablet","publisherVersion":"3.23021.21","minimumRequiredApiVersion":"2.2.0","hasComponent":"false","hasUnlockedComponent":"false","isUnifiedRootApp":"false","sienaVersion":"20230222T030654Z-3.23021.21.0"},"properties":{"appVersion":"2023-02-22T03:06:54Z","lifeCycleId":"Published","createdByClientVersion":{"major":3,"minor":23021,"build":21,"revision":0,"majorRevision":0,"minorRevision":0},"minClientVersion":{"major":3,"minor":23021,"build":21,"revision":0,"majorRevision":0,"minorRevision":0},"backgroundColor":"RGBA(0,176,240,1)","backgroundImageUri":"/2075017149793506382/Nd8a63df6-2cf2-4e9d-818e-7f334946d91d-logoSmallFile","displayName":"Sample SL Letter app","description":"","commitMessage":"","appUris":{"documentUri":{"value":"/2075017149793506382/Nf3872fa1-6912-4e0b-926f-167967dc8393-document.msapp"},"imageUris":[],"additionalUris":[]},"createdTime":"0001-01-01T00:00:00Z","lastModifiedTime":"0001-01-01T00:00:00Z","sharedGroupsCount":0,"sharedUsersCount":0,"connectionReferences":{"524367b6-c305-4246-a380-a7ff9b1729cf":{"id":"739b018f-b591-440c-813b-16ff676296b8","displayName":"Microsoft Translator","iconUri":"https://connectoricons-prod.azureedge.net/releases/v1.0.1445/1.0.1445.2347/microsofttranslator/icon.png","dataSources":["MicrosoftTranslator"],"dependencies":[],"dependents":[],"parameterHints":{},"parameterHintsV2":{},"isOnPremiseConnection":false,"sharedConnectionId":"026fabb5-0fb0-4fed-bcbb-9b5081bffa4b","bypassConsent":false,"dataSets":{},"apiTier":"Standard","isCustomApiConnection":false,"actions":["Translate","Languages"]},"2a36dc63-12fc-4f2b-ae81-ba491603be71":{"id":"57c466dd-a4b5-4726-acc8-4011fa8844c4","displayName":"SharePoint","iconUri":"https://connectoricons-prod.azureedge.net/u/juanq/gateway/greyhound/3000.150.11/1.0.1613.3116/sharepointonline/icon.png","dataSources":["SPListMultilingualTest"],"dependencies":[],"dependents":[],"parameterHints":{},"parameterHintsV2":{},"isOnPremiseConnection":false,"bypassConsent":false,"dataSets":{"https://shn61.sharepoint.com/sites/TestMultilingualSite":{"dataSources":{"SPListMultilingualTest":{"tableName":"10c14807-dd90-4dff-9a33-d17150c8da54"}}}},"apiTier":"Standard","isCustomApiConnection":false,"actions":["providers/PowerPlatform.Governance/Operations/Read","providers/PowerPlatform.Governance/Operations/Write"]}},"databaseReferences":{"default.cds":{"databaseDetails":{"referenceType":"Environmental","environmentName":"default.cds","overrideValues":{"status":"NotSpecified"}},"dataSources":{}}},"almMode":"Environment","performanceOptimizationEnabled":true,"canConsumeAppPass":true,"enableModernRuntimeMode":false,"executionRestrictions":{"isTeamsOnly":false,"dataLossPreventionEvaluationResult":{"status":"Compliant","lastEvaluationDate":"2023-02-21T16:15:33.3909145Z","violations":[],"violationsByPolicy":[],"violationErrorMessage":"The app uses the following connectors: shared_microsofttranslator, shared_commondataservice."}}},"appType":"ClassicCanvasApp","appComponents":[]}}