{"schemaVersion":"1.0","appDefinitionTemplate":{"id":"/providers/Microsoft.PowerApps/apps/","type":"Microsoft.PowerApps/apps","tags":{"primaryDeviceWidth":"1366","primaryDeviceHeight":"768","supportsPortrait":"true","supportsLandscape":"true","primaryFormFactor":"Tablet","publisherVersion":"3.23034.14","minimumRequiredApiVersion":"2.2.0","hasComponent":"false","hasUnlockedComponent":"false","isUnifiedRootApp":"false","sienaVersion":"20230417T051510Z-3.23034.14.0"},"properties":{"appVersion":"2023-04-17T05:15:10Z","lifeCycleId":"Published","createdByClientVersion":{"major":3,"minor":23034,"build":14,"revision":0,"majorRevision":0,"minorRevision":0},"minClientVersion":{"major":3,"minor":23034,"build":14,"revision":0,"majorRevision":0,"minorRevision":0},"backgroundColor":"RGBA(0,176,240,1)","backgroundImageUri":"/1218664162257140840/Nc2c2ddc2-53e0-445f-888e-f2f47a68dbb1-logoSmallFile","displayName":"Event Registration Application","description":"","commitMessage":"","appUris":{"documentUri":{"value":"/1218664162257140840/Nb51bd13c-c05a-49ae-8a41-431e8e9c0d70-document.msapp"},"imageUris":[],"additionalUris":[]},"createdTime":"0001-01-01T00:00:00Z","lastModifiedTime":"0001-01-01T00:00:00Z","sharedGroupsCount":0,"sharedUsersCount":0,"connectionReferences":{"7f5c8de1-9e8e-4530-b8c4-fa811d58f50c":{"id":"e3c5f282-7a3e-404b-9618-12b2ca5b5a90","displayName":"SQL Server","iconUri":"https://connectoricons-prod.azureedge.net/releases/v1.0.1627/1.0.1627.3238/sql/icon.png","dataSources":["RegisterdGuestCompany","RegisterdGuestPublic","BussinessCardImage","AttendeeType","Administrator"],"dependencies":[],"dependents":[],"parameterHints":{},"parameterHintsV2":{},"gatewayObjectIdHint":"fd9ea4bd-9d21-4805-96de-f0affb9ddb71","isOnPremiseConnection":true,"sharedConnectionId":"0d8afdd0-04b6-471f-aacf-0f891c0d7602","bypassConsent":false,"dataSets":{"ESHANA,expo":{"dataSources":{"RegisterdGuestCompany":{"tableName":"[dbo].[RegisterdGuestCompany]"},"RegisterdGuestPublic":{"tableName":"[dbo].[RegisterdGuestPublic]"},"BussinessCardImage":{"tableName":"[dbo].[BussinessCardImage]"},"AttendeeType":{"tableName":"[dbo].[AttendeeType]"},"Administrator":{"tableName":"[dbo].[Administrator]"}}}},"apiTier":"Premium","isCustomApiConnection":false,"authenticationType":"sqlAuthentication","actions":["providers/PowerPlatform.Governance/Operations/Read","providers/PowerPlatform.Governance/Operations/Write"],"endpoints":["ESHANA,expo"]}},"databaseReferences":{},"almMode":"Environment","performanceOptimizationEnabled":true,"canConsumeAppPass":true,"enableModernRuntimeMode":false,"executionRestrictions":{"isTeamsOnly":false,"dataLossPreventionEvaluationResult":{"status":"Compliant","lastEvaluationDate":"2023-03-04T11:52:44.840922Z","violations":[],"violationsByPolicy":[],"violationErrorMessage":"The app uses the following connectors: ."}}},"appType":"ClassicCanvasApp","appComponents":[]}}