{"schemaVersion":"1.0","appDefinitionTemplate":{"id":"/providers/Microsoft.PowerApps/apps/","type":"Microsoft.PowerApps/apps","tags":{"primaryDeviceWidth":"640","primaryDeviceHeight":"1136","supportsPortrait":"true","supportsLandscape":"true","primaryFormFactor":"Phone","publisherVersion":"3.23032.12","minimumRequiredApiVersion":"2.2.0","hasComponent":"false","hasUnlockedComponent":"false","isUnifiedRootApp":"false","sienaVersion":"20230401T150748Z-3.23032.12.0"},"properties":{"appVersion":"2023-04-01T15:07:48Z","lifeCycleId":"Published","createdByClientVersion":{"major":3,"minor":23032,"build":12,"revision":0,"majorRevision":0,"minorRevision":0},"minClientVersion":{"major":3,"minor":23032,"build":12,"revision":0,"majorRevision":0,"minorRevision":0},"backgroundColor":"rgba(255, 255, 255, 1)","backgroundImageUri":"/10286253451864321652/N7cdbaaee-b740-4b30-9e68-19e37f7c3539-logoSmallFile","displayName":"Barcode Scanner App","description":"","commitMessage":"","appUris":{"documentUri":{"value":"/10286253451864321652/Nc15d493e-17f9-4ee6-9591-5141f1a5be36-document.msapp"},"imageUris":[],"additionalUris":[]},"createdTime":"0001-01-01T00:00:00Z","lastModifiedTime":"0001-01-01T00:00:00Z","sharedGroupsCount":0,"sharedUsersCount":0,"connectionReferences":{"c89630ef-ba0c-41e6-9036-1ba528d4e53e":{"id":"165bcdb1-613f-4a30-b030-e202b88408a6","displayName":"Excel Online (Business)","iconUri":"https://connectoricons-prod.azureedge.net/u/laborbol/releases/ase-v3/1.0.1622.3202/excelonlinebusiness/icon.png","dataSources":["Table1"],"dependencies":[],"dependents":[],"parameterHints":{},"parameterHintsV2":{},"isOnPremiseConnection":false,"bypassConsent":false,"dataSets":{"me,b%2521tmSUSnAOdUKLDxsi0Kt4TboMy604hAZIohOMAC51p2agbN1SfTh0SL1mSXq6IY6Q,01UWIELLW6M6IDW5CCYNHYC6SSBV4DYGU5":{"dataSources":{"Table1":{"tableName":"{80914206-6B82-4904-BDCB-51DEBDC12DFC}"}}}},"apiTier":"Standard","isCustomApiConnection":false,"actions":["providers/PowerPlatform.Governance/Operations/Read","providers/PowerPlatform.Governance/Operations/Write"]}},"databaseReferences":{},"almMode":"Environment","performanceOptimizationEnabled":true,"canConsumeAppPass":true,"enableModernRuntimeMode":false,"executionRestrictions":{"isTeamsOnly":false,"dataLossPreventionEvaluationResult":{"status":"Compliant","lastEvaluationDate":"2023-01-30T15:49:59.3099319Z","violations":[],"violationsByPolicy":[],"violationErrorMessage":"The app uses the following connectors: ."}}},"appType":"ClassicCanvasApp","appComponents":[]}}