{"schemaVersion":"1.0","appDefinitionTemplate":{"id":"/providers/Microsoft.PowerApps/apps/","type":"Microsoft.PowerApps/apps","tags":{"primaryDeviceWidth":"1366","primaryDeviceHeight":"768","supportsPortrait":"true","supportsLandscape":"true","primaryFormFactor":"Tablet","publisherVersion":"3.23022.25","minimumRequiredApiVersion":"2.2.0","hasComponent":"false","hasUnlockedComponent":"false","isUnifiedRootApp":"false","sienaVersion":"20230228T154213Z-3.23022.25.0"},"properties":{"appVersion":"2023-02-28T15:42:13Z","lifeCycleId":"Published","createdByClientVersion":{"major":3,"minor":23022,"build":25,"revision":0,"majorRevision":0,"minorRevision":0},"minClientVersion":{"major":3,"minor":23022,"build":25,"revision":0,"majorRevision":0,"minorRevision":0},"backgroundColor":"RGBA(0,176,240,1)","backgroundImageUri":"/6522248246520386862/N2c1edf7e-87b5-430f-b9bd-ca0cd297699c-logoSmallFile","displayName":"MPF Sign-In Form","description":"","commitMessage":"","appUris":{"documentUri":{"value":"/6522248246520386862/N31fa3a59-cb6f-4827-85dd-054da2431025-document.msapp"},"imageUris":[],"additionalUris":[]},"createdTime":"0001-01-01T00:00:00Z","lastModifiedTime":"0001-01-01T00:00:00Z","sharedGroupsCount":0,"sharedUsersCount":0,"connectionReferences":{"c26f9b08-2458-40ad-8745-1f2361528292":{"id":"165bcdb1-613f-4a30-b030-e202b88408a6","displayName":"Excel Online (Business)","iconUri":"https://connectoricons-prod.azureedge.net/releases/v1.0.1615/1.0.1615.3163/excelonlinebusiness/icon.png","dataSources":["Table2","Table1"],"dependencies":[],"dependents":[],"parameterHints":{},"parameterHintsV2":{},"isOnPremiseConnection":false,"bypassConsent":false,"dataSets":{"me,b%2521tmSUSnAOdUKLDxsi0Kt4TboMy604hAZIohOMAC51p2agbN1SfTh0SL1mSXq6IY6Q,01UWIELLRRMRQPQJRMQJBISX7S25LGLFX5":{"dataSources":{"Table2":{"tableName":"{F5006B0A-4868-4141-82C6-F5569191A14F}"}}},"me,b%2521tmSUSnAOdUKLDxsi0Kt4TboMy604hAZIohOMAC51p2agbN1SfTh0SL1mSXq6IY6Q,01UWIELLS7FSNWTCS7ONFJBSTGKJUZNSG3":{"dataSources":{"Table1":{"tableName":"{BA230E02-D0B7-4818-A869-7B6B648C3222}"}}}},"apiTier":"Standard","isCustomApiConnection":false,"actions":["providers/PowerPlatform.Governance/Operations/Read","providers/PowerPlatform.Governance/Operations/Write"]},"b5c47df3-1103-4e85-bf12-1cd3f8d6314c":{"id":"febfdd13-1d2e-4715-8068-5b05d68beda2","displayName":"Office 365 Outlook","iconUri":"https://connectoricons-prod.azureedge.net/releases/v1.0.1618/1.0.1618.3179/office365/icon.png","dataSources":["Office365Outlook"],"dependencies":[],"dependents":[],"parameterHints":{},"parameterHintsV2":{},"isOnPremiseConnection":false,"bypassConsent":false,"dataSets":{},"apiTier":"Standard","isCustomApiConnection":false,"actions":["SendEmailV2"]}},"databaseReferences":{},"almMode":"Environment","performanceOptimizationEnabled":true,"canConsumeAppPass":true,"enableModernRuntimeMode":false,"executionRestrictions":{"isTeamsOnly":false,"dataLossPreventionEvaluationResult":{"status":"Compliant","lastEvaluationDate":"2023-02-28T04:23:37.0739458Z","violations":[],"violationsByPolicy":[],"violationErrorMessage":"The app uses the following connectors: shared_excelonlinebusiness, shared_office365, shared_logicflows."},"httpActionRestriction":{"appUsesSharepointHttpAction":false,"enforcementStrategy":"Legacy","evaluationTime":"2023-02-28T04:23:37.0738772Z"}}},"appType":"ClassicCanvasApp","appComponents":[]}}