{"schemaVersion":"1.0","appDefinitionTemplate":{"id":"/providers/Microsoft.PowerApps/apps/","type":"Microsoft.PowerApps/apps","tags":{"primaryDeviceWidth":"1366","primaryDeviceHeight":"768","supportsPortrait":"true","supportsLandscape":"true","primaryFormFactor":"Tablet","publisherVersion":"3.22103.25","minimumRequiredApiVersion":"2.2.0","hasComponent":"false","hasUnlockedComponent":"false","isUnifiedRootApp":"false","sienaVersion":"20221105T151249Z-3.22103.25.0"},"properties":{"appVersion":"2022-11-05T15:12:49Z","lifeCycleId":"Published","createdByClientVersion":{"major":3,"minor":22103,"build":25,"revision":0,"majorRevision":0,"minorRevision":0},"minClientVersion":{"major":3,"minor":22103,"build":25,"revision":0,"majorRevision":0,"minorRevision":0},"backgroundColor":"RGBA(0,176,240,1)","backgroundImageUri":"/1723422330821156530/N77cfd4e7-fe33-4653-8981-3674353d6e72-logoSmallFile","displayName":"Send an Email Power Apps and Flow","description":"","commitMessage":"","appUris":{"documentUri":{"value":"/1723422330821156530/N0c52c36a-47af-4945-8b1c-220a6ff4ce51-document.msapp"},"imageUris":[],"additionalUris":[]},"createdTime":"0001-01-01T00:00:00Z","lastModifiedTime":"0001-01-01T00:00:00Z","sharedGroupsCount":0,"sharedUsersCount":0,"connectionReferences":{"c6ee291c-24b8-487a-b3c3-a5f9240be961":{"id":"febfdd13-1d2e-4715-8068-5b05d68beda2","displayName":"Office 365 Outlook","iconUri":"https://connectoricons-prod.azureedge.net/releases/v1.0.1599/1.0.1599.3017/office365/icon.png","dataSources":["Office365Outlook"],"dependencies":[],"dependents":["f6fb93e5-93ba-47f1-a641-8d7b336a6802"],"parameterHints":{},"parameterHintsV2":{},"isOnPremiseConnection":false,"bypassConsent":false,"dataSets":{},"apiTier":"Standard","isCustomApiConnection":false,"actions":["SendEmailV2"]},"f6fb93e5-93ba-47f1-a641-8d7b336a6802":{"id":"e923c7da-9a55-4f53-8ff7-070035d61fc1","displayName":"Logic flows","iconUri":"https://connectoricons-prod.azureedge.net/releases/v1.0.1534/1.0.1534.2605/logicflows/icon.png","dataSources":["Sendemail"],"dependencies":["c6ee291c-24b8-487a-b3c3-a5f9240be961"],"dependents":[],"parameterHints":{"workflowName":{"value":"107cd035-93e8-4309-9ec3-629ccd365bca"},"workflowEntityId":{},"c6ee291c-24b8-487a-b3c3-a5f9240be961":{"value":"shared_office365"}},"parameterHintsV2":{"workflowName":{"value":"107cd035-93e8-4309-9ec3-629ccd365bca"},"workflowEntityId":{},"shared_office365":{"value":"c6ee291c-24b8-487a-b3c3-a5f9240be961"}},"isOnPremiseConnection":false,"bypassConsent":false,"dataSets":{},"apiTier":"Standard","isCustomApiConnection":false,"actions":["Run"],"nestedActions":[{"id":"/providers/Microsoft.PowerApps/apis/shared_office365/apiOperations/SendEmailV2","apiName":"Office 365 Outlook","actionName":"SendEmailV2","referencedResources":[]}]}},"databaseReferences":{},"almMode":"Environment","performanceOptimizationEnabled":true,"canConsumeAppPass":true,"enableModernRuntimeMode":false,"executionRestrictions":{"isTeamsOnly":false,"dataLossPreventionEvaluationResult":{"status":"Compliant","lastEvaluationDate":"2022-11-05T15:13:10.3803763Z","violations":[],"violationsByPolicy":[],"violationErrorMessage":"The app uses the following connectors: shared_office365, shared_logicflows."},"httpActionRestriction":{"appUsesSharepointHttpAction":false,"enforcementStrategy":"Legacy","evaluationTime":"2022-11-05T15:13:10.3803206Z"}}},"appType":"ClassicCanvasApp","appComponents":[]}}