{"schemaVersion":"1.0","appDefinitionTemplate":{"id":"/providers/Microsoft.PowerApps/apps/","type":"Microsoft.PowerApps/apps","tags":{"primaryDeviceWidth":"1366","primaryDeviceHeight":"768","supportsPortrait":"true","supportsLandscape":"true","primaryFormFactor":"Tablet","publisherVersion":"3.23021.21","minimumRequiredApiVersion":"2.2.0","hasComponent":"false","hasUnlockedComponent":"false","isUnifiedRootApp":"false","sienaVersion":"20230223T114946Z-3.23021.21.0"},"properties":{"appVersion":"2023-02-23T11:49:46Z","lifeCycleId":"Published","createdByClientVersion":{"major":3,"minor":23021,"build":21,"revision":0,"majorRevision":0,"minorRevision":0},"minClientVersion":{"major":3,"minor":23021,"build":21,"revision":0,"majorRevision":0,"minorRevision":0},"backgroundColor":"RGBA(0,176,240,1)","backgroundImageUri":"/2261834614131511361/Nf1e2c373-fda6-48e5-bf02-0f1a5584a646-logoSmallFile","displayName":"Attendance App","description":"","commitMessage":"","appUris":{"documentUri":{"value":"/2261834614131511361/Nba67397a-5523-438e-ad5e-dc0ea91c8e8a-document.msapp"},"imageUris":[],"additionalUris":[]},"createdTime":"0001-01-01T00:00:00Z","lastModifiedTime":"0001-01-01T00:00:00Z","sharedGroupsCount":0,"sharedUsersCount":0,"connectionReferences":{"6882126d-594b-49ac-9e22-8c52319e7a00":{"id":"57c466dd-a4b5-4726-acc8-4011fa8844c4","displayName":"SharePoint","iconUri":"https://connectoricons-prod.azureedge.net/u/juanq/gateway/greyhound/3000.150.11/1.0.1613.3116/sharepointonline/icon.png","dataSources":["SPListEmployeeDetails","SPListClientSite","SPListFunction","SPListAttendanceDetails"],"dependencies":[],"dependents":[],"parameterHints":{},"parameterHintsV2":{},"isOnPremiseConnection":false,"bypassConsent":false,"dataSets":{"https://shn61.sharepoint.com/sites/AttendanceAppSite":{"dataSources":{"SPListEmployeeDetails":{"tableName":"34955047-c39f-4c8f-95c2-c0ec34be299e"},"SPListClientSite":{"tableName":"3524b294-7fc8-4eca-919b-a6a1134c5edc"},"SPListFunction":{"tableName":"1c2295db-876f-4689-9f47-71c26e95576c"},"SPListAttendanceDetails":{"tableName":"76d1d2f9-641f-4fd1-9d0c-e6b3aeb8b4ec"}}}},"apiTier":"Standard","isCustomApiConnection":false,"actions":["providers/PowerPlatform.Governance/Operations/Read","providers/PowerPlatform.Governance/Operations/Write"]},"781498f4-4b10-40ae-a671-ea6fc5f7fcbf":{"id":"57c466dd-a4b5-4726-acc8-4011fa8844c4","displayName":"SharePoint","iconUri":"https://connectoricons-prod.azureedge.net/u/juanq/gateway/greyhound/3000.150.11/1.0.1613.3116/sharepointonline/icon.png","dataSources":["SPListLogin"],"dependencies":[],"dependents":[],"parameterHints":{},"parameterHintsV2":{},"isOnPremiseConnection":false,"bypassConsent":false,"dataSets":{"https://shn61.sharepoint.com/sites/AttendanceAppSite":{"dataSources":{"SPListLogin":{"tableName":"b76c9a9f-b23d-4649-abc3-5ec6ae630113"}}}},"apiTier":"Standard","isCustomApiConnection":false,"actions":["providers/PowerPlatform.Governance/Operations/Read","providers/PowerPlatform.Governance/Operations/Write"]}},"databaseReferences":{},"almMode":"Environment","performanceOptimizationEnabled":true,"canConsumeAppPass":true,"enableModernRuntimeMode":false,"executionRestrictions":{"isTeamsOnly":false,"dataLossPreventionEvaluationResult":{"status":"Compliant","lastEvaluationDate":"2023-02-12T19:48:54.7874237Z","violations":[],"violationsByPolicy":[],"violationErrorMessage":"The app uses the following connectors: ."}}},"appType":"ClassicCanvasApp","appComponents":[]}}