{"schemaVersion":"1.0","appDefinitionTemplate":{"id":"/providers/Microsoft.PowerApps/apps/","type":"Microsoft.PowerApps/apps","tags":{"primaryDeviceWidth":"1366","primaryDeviceHeight":"768","supportsPortrait":"true","supportsLandscape":"true","primaryFormFactor":"Tablet","publisherVersion":"3.22114.18","minimumRequiredApiVersion":"2.2.0","hasComponent":"false","hasUnlockedComponent":"false","isUnifiedRootApp":"false","sienaVersion":"20221217T111720Z-3.22114.18.0"},"properties":{"appVersion":"2022-12-17T11:17:20Z","lifeCycleId":"Published","createdByClientVersion":{"major":3,"minor":22114,"build":18,"revision":0,"majorRevision":0,"minorRevision":0},"minClientVersion":{"major":3,"minor":22114,"build":18,"revision":0,"majorRevision":0,"minorRevision":0},"backgroundColor":"RGBA(0,176,240,1)","backgroundImageUri":"/4857559343846050337/Neba8374c-63d1-41f8-8c7f-6b87faa2a36d-logoSmallFile","displayName":"TwoSharepoint&OneGallery","description":"","commitMessage":"","appUris":{"documentUri":{"value":"/4857559343846050337/Nfdb4c804-929b-42b1-a4fd-0e2ab9fcc1a6-document.msapp"},"imageUris":[],"additionalUris":[]},"createdTime":"0001-01-01T00:00:00Z","lastModifiedTime":"0001-01-01T00:00:00Z","sharedGroupsCount":0,"sharedUsersCount":0,"connectionReferences":{"de1583d6-fd36-43b9-ac1d-e9d6de98f191":{"id":"57c466dd-a4b5-4726-acc8-4011fa8844c4","displayName":"SharePoint","iconUri":"https://connectoricons-prod.azureedge.net/releases/v1.0.1610-greyhound-localization-RelayFix/1.0.1610.3091/sharepointonline/icon.png","dataSources":["SPListOne","SPListTwo"],"dependencies":[],"dependents":[],"parameterHints":{},"parameterHintsV2":{},"isOnPremiseConnection":false,"dataSets":{"https://shn61.sharepoint.com/sites/SPSiteTwoSharepointList":{"dataSources":{"SPListOne":{"tableName":"e92eccf6-745b-4332-860b-b86b5151f485"},"SPListTwo":{"tableName":"1e2ee0fe-a997-4a38-abf0-e5c0972a8afa"}}}},"apiTier":"Standard","isCustomApiConnection":false,"actions":["providers/PowerPlatform.Governance/Operations/Read"]}},"databaseReferences":{},"almMode":"Environment","performanceOptimizationEnabled":true,"canConsumeAppPass":true,"enableModernRuntimeMode":false,"executionRestrictions":{"isTeamsOnly":false,"dataLossPreventionEvaluationResult":{"status":"Compliant","lastEvaluationDate":"2022-12-17T11:17:22.3233851Z","violations":[],"violationsByPolicy":[],"violationErrorMessage":"The app uses the following connectors: shared_sharepointonline."}}},"appType":"ClassicCanvasApp","appComponents":[]}}