{"name":"4038a3db-9816-48f5-b8ed-b439758f4890","id":"/providers/Microsoft.Flow/flows/4038a3db-9816-48f5-b8ed-b439758f4890","type":"Microsoft.Flow/flows","properties":{"apiId":"/providers/Microsoft.PowerApps/apis/shared_logicflows","displayName":"Send email","definition":{"metadata":{"workflowEntityId":null,"processAdvisorMetadata":null,"flowclientsuspensionreason":"None","flowclientsuspensiontime":null,"flowclientsuspensionreasondetails":null,"creator":{"id":"3ff422ad-58d1-4049-82d5-cf39cb973f87","type":"User","tenantId":"cd8254f1-a64d-4a2e-990c-3aed1399c240"},"provisioningMethod":"FromDefinition","failureAlertSubscription":true,"clientLastModifiedTime":"2022-11-05T15:06:24.115392Z"},"$schema":"https://schema.management.azure.com/providers/Microsoft.Logic/schemas/2016-06-01/workflowdefinition.json#","contentVersion":"1.0.0.0","parameters":{"$connections":{"defaultValue":{},"type":"Object"},"$authentication":{"defaultValue":{},"type":"SecureObject"}},"triggers":{"manual":{"metadata":{"operationMetadataId":"d246c94f-28c7-4459-92cb-73870c443a5c"},"type":"Request","kind":"PowerApp","inputs":{"schema":{"type":"object","properties":{"Sendanemail(V2)_To":{"type":"string","format":"email","description":"Specify email addresses separated by semicolons like someone@contoso.com","x-ms-powerflows-param-ispartial":false},"Sendanemail(V2)_Body":{"type":"string","format":"html","description":"Specify the body of the mail. This parameter is used as part of \"79137B0E-9144-4B98-A8D1-55758909D028\"","x-ms-powerflows-param-ispartial":true},"Sendanemail(V2)_Subject":{"type":"string","description":"Specify the subject of the mail","x-ms-powerflows-param-ispartial":false},"Sendanemail(V2)_To_1":{"type":"string"},"Sendanemail(V2)_Subject_1":{"type":"string"},"Sendanemail(V2)_Body_1":{"type":"string"}},"required":["Sendanemail(V2)_To","Sendanemail(V2)_Body","Sendanemail(V2)_Subject","Sendanemail(V2)_To_1","Sendanemail(V2)_Subject_1","Sendanemail(V2)_Body_1"]}}}},"actions":{"Send_an_email_(V2)":{"runAfter":{},"metadata":{"operationMetadataId":"1547eb89-31ff-4db3-bdfa-a2ddf96baca0"},"type":"OpenApiConnection","inputs":{"host":{"apiId":"/providers/Microsoft.PowerApps/apis/shared_office365","connectionName":"shared_office365","operationId":"SendEmailV2"},"parameters":{"emailMessage/To":"@triggerBody()['Sendanemail(V2)_To_1']","emailMessage/Subject":"@triggerBody()['Sendanemail(V2)_Subject_1']","emailMessage/Body":"<p>@{triggerBody()['Sendanemail(V2)_Body_1']}</p>","emailMessage/Importance":"Normal"},"authentication":{"value":"@json(decodeBase64(triggerOutputs().headers['X-MS-APIM-Tokens']))['$ConnectionKey']","type":"Raw"}}}}},"connectionReferences":{"shared_office365":{"connectionName":"d2b97a00fa2b404aaa5c9790bf7a7cb7","source":"Invoker","id":"/providers/Microsoft.PowerApps/apis/shared_office365","tier":"NotSpecified"}},"flowFailureAlertSubscribed":false,"isManaged":false}}